{
  "duration_seconds": 44.92499804496765,
  "total_urls": 1000,
  "processed_count": 0,
  "failed_count": 272,
  "throughput_urls_per_second": 0.0,
  "avg_time_per_url_ms": 0,
  "stage_stats": {
    "crawl": {
      "count": 272,
      "avg_duration": 1.0726391716915018,
      "min_duration": 4.3392181396484375e-05,
      "max_duration": 33.35912799835205,
      "total_duration": 291.7578547000885
    },
    "extract": {
      "count": 272,
      "avg_duration": 0.0015225121203590842,
      "min_duration": 5.459785461425781e-05,
      "max_duration": 0.04005312919616699,
      "total_duration": 0.4141232967376709
    },
    "metadata": {
      "count": 272,
      "avg_duration": 6.538103608524099e-05,
      "min_duration": 7.867813110351562e-06,
      "max_duration": 0.0011048316955566406,
      "total_duration": 0.017783641815185547
    },
    "deduplicate": {
      "count": 272,
      "avg_duration": 5.151243770823759e-05,
      "min_duration": 5.4836273193359375e-06,
      "max_duration": 0.0009753704071044922,
      "total_duration": 0.014011383056640625
    },
    "quality": {
      "count": 3,
      "avg_duration": 0.0009927749633789062,
      "min_duration": 0.00015735626220703125,
      "max_duration": 0.0024666786193847656,
      "total_duration": 0.0029783248901367188
    }
  }
}